{
  "epoch": 50,
  "val_loss": 9.123818583322383e-06,
  "RMSE_deg": 0.23443016409873962,
  "MAE_deg": 0.17412406206130981,
  "R2": 0.9993457636089157,
  "p95_deg": 0.4994493573904037,
  "p99_deg": 0.7390761464834203,
  "infer_ms": 18.428278340439853,
  "fps": 54.26442891333774,
  "timestamp": "2025-12-03 00:17:37",
  "config": {
    "exp_name": "E1_charger_hitchnet",
    "batch_size": 32,
    "temporal_window": 20,
    "micro_seq_length": 10,
    "pcd_max_points": 1000,
    "lr": 0.0001,
    "epochs": 50,
    "model": {
      "name": "HitchNet",
      "temporal": {
        "micro_input_dim": 5,
        "micro_hidden_dim": 64,
        "micro_layers": 1,
        "macro_hidden_dim": 128,
        "macro_layers": 2,
        "bidirectional_micro": false
      },
      "spatial": {
        "gat_hidden_dim": 256,
        "gat_layers": 3,
        "gat_heads": 4,
        "gat_k": 16
      },
      "fusion": {
        "fusion_dim": 256,
        "fusion_heads": 4,
        "dropout": 0.1
      }
    }
  },
  "checkpoint_path": "ckpts/E1_charger_hitchnet/best.pth"
}